id,name,description,price
552,Sony Turntable - PSLX350H,Sony Turntable - PSLX350H/ Belt Drive System/ 33-1/3 and 45 RPM Speeds/ Servo Speed Control/ Supplied Moving Magnet Phono Cartridge/ Bonded Diamond Stylus/ Static Balance Tonearm/ Pitch Control,
580,Bose Acoustimass 5 Series III Speaker System - AM53BK,Bose Acoustimass 5 Series III Speaker System - AM53BK/ 2 Dual Cube Speakers With Two 2-1/2' Wide-range Drivers In Each Speaker/ Powerful Bass Module With Two 5-1/2' Woofers/ 200 Watts Max Power/ Black Finish,$399.00 
4696,Sony Switcher - SBV40S,Sony Switcher - SBV40S/ Eliminates Disconnecting And Reconnecting Cables/ Compact Design/ 4 A/V Inputs With S-Video Jacks/ 1 A/V Output With S-Video (Y/C)Jack/ 2 Audio Output,$49.00 
5644,Sony 5 Disc CD Player - CDPCE375,Sony 5 Disc CD Player- CDPCE375/ 5 Disc Changer/ Variable Line Output/ CD-R/RW Playback Capability/ 20 Track Music Calendar/ Digital Servo Control/ Remote Commander Remote Control,
6284,Bose 27028 161 Bookshelf Pair Speakers In White - 161WH,Bose 161 Bookshelf Speakers In White - 161WH/ Articulated Array Speaker Design/ High-Excursion Twiddler Drivers/ Magnetically Shielded/ Priced Per Pair/ White Finish,$158.00 
6493,Denon Stereo Tuner - TU1500RD,Denon Stereo Tuner - TU1500RD/ RDS Radio Data System/ AM-FM 40 Station Random Memory/ Rotary Tuning Knob/ Dot Matrix FL Display/ Optional Remote,$375.00 
6726,KitchenAid Pasta Roller And Cutter - KPRA,KitchenAid Pasta Roller And Cutter - KPRA/ One Pasta Roller/ Two Pasta Cutters/ Cleaning Brush/ Chrome Finish,
6742,Panasonic Yeast Pro Automatic Breadmaker - SDYD250,Panasonic Yeast Pro Automatic Breadmaker - SDYD250/ Patented Yeast Dispenser/ 2.5 lb To 1.5 lb Loaf/ Choice Of Bread And Baking Modes/ 13 Hour Countdown Digital Timer/ Nonstick Coating For Easy Cleanup,
7195,Sony Vertical-In-The-Ear Stereo Headphones - MDRJ10,Sony Vertical-In-The-Ear Stereo Headphones - MDRJ10/ Clip On Style/ 13.5 MM Driver Unit/ Blue Finish,
7783,Panasonic 2-Line Integrated Telephone - KXTSC14W,Panasonic 2-Line Integrated Telephone - KXTSC14W/ Call Waiting/ 50-Station Caller ID/ Voice Mail Message-Waiting Indicator/ Speakerphone/ 3-Line LCD Display/ White Finish,
7936,Panasonic Integrated Telephone System - KXTS108W,Panasonic Integrated Telephone System - KXTS108W/ 16 Digit LCD With Clock/ Hands Free Speakerphone/ Built-In Data Port/ 10-Station One-Touch Dialing/ 3-Step Ringer Volume/ White Finish,$44.00 
8060,Panasonic 2-Line Integrated Telephone System - KXTS208W,Panasonic 2-Line Integrated Telephone System - KXTS208W/ 3-Way Conference/ One-Touch/Speed Dialer/ Speakerphone/ White Finish,
8552,Sony 300 Disc CD Changer - CDPCX355,Sony 300 Disc CD Changer - CDPCX355/ MegaStorage Control/ CD-R/CD-RW Playback/ 32 Step Program Play/ Control A1 II/ Custom File Memo/ CD Text/ Keyboard Input/ 2 Jog Dials/ Remote Control/ Black Finish,
9071,Sony 400 Disc MegaStorage CD Changer - CDPCX455,Sony 400 Disc MegaStorage CD Changer - CDPCX455/ MP3 Playback Capability/ CD-R/CD-RW Playback/ Twin Jog Dial For Easy Disc Access/ MegaChanger Control/ Optical Digital Output/ Keyboard Input/ Remote Commander® Remote Control,
9312,Panasonic Hands-Free Headset - KXTCA86,Panasonic Hands-Free Headset - KXTCA86/ Comfort Fit And  Fold Design/ Noise Cancelling Microphone/ Standard 2.5mm Connection,$14.95 
9314,Panasonic Hands Free Headset  - KXTCA92,Panasonic Hands Free Headset - KXTCA92/ Comfort Fit With Fold Design/ Noise Cancelling Microphone/ Volume Control/ Mute/ Standard 2.5mm Connection,$25.00 
9355,Cuisinart Convection-Oven-Toaster-Broiler With Exact Heat Sensor - TOB165WH,Cuisinart Convection-Oven-Toaster-Broiler With Exact Heat Sensor - TOB165WH/ 0.5 Cubic Foot Oven Capacity/ LED Indicators/ Individual Or Combination Settings/ Always Even Shade Control/ 4 Hour Automatic Shut Off/ Slide-Out Crumb Tray/ Includes Broiling Pan/ White Finish,$149.00 
9546,Frigidaire 24' White Built-In Dishwasher - FDB130WH,Frigidaire 24' FDB130RGS White Built-In Dishwasher - FDB130WH/ Convection Drying System/ QuietSound Sound Insulation Package/ 2 Wash Levels/ Adjustable Rinse Aid Dispenser/ Self Cleaning Filter/ White Finish,$229.00 
9646,Cuisinart Cordless Electric Kettle - KUA17,Cuisinart Cordless Electric Kettle - KUA17/ 1-3/4 Quart Capacity/ Automatic Shut-Off/ Indicator Light/ Splash Guard Spout/ Cord Storage In Base/ Chrome Finish,$70.00 
10101,Omnimount Wall Speaker Mount - 20WLBK,Omnimount Wall Speaker Mount - 20WLBK/ Stainless Steel Shafts And All Necessary Hardware Included/ Supports Speakers Up To 20 lbs./ Sold As Single / Black Finish,$39.95 
10102,Omnimount Wall Speaker Mount - 20WLWH,Omnimount Wall Speaker Mount - 20WLWH/ Stainless Steel Shafts And All Necessary Hardware Included/ Supports Speakers Up To 20 lbs./ Sold as each / White Finish (Photo Showing Black),$40.00 
10640,Denon Semi-Automatic Turntable - Black Finish - DP29F,Denon Semi-Automatic Turntable - DP29F/ Metal Platter/ Built-In RIAA Equalizer/ DC Servo Motor/ 2 Speed 33 + 45 RPM/ Built-In Phono PreAmp,$150.00 
11338,Sony Xplod 10-Disc Add-On CD/MP3 Changer - CDX565MXRF,Sony Xplod 10-Disc Add-On CD/MP3 Changer - CDX565MXRF/ CD/CD-R/CD-RW And MP3 Playback/ MP3 Decoding/ D-Bass/ 12-Second Advanced Electronic Shock Protection/ FM Modulator/ 9 Modulation Frequencies/ Wireless Remote,
11801,Escort Passport Radar And Laser Detector - Black Finish - 8500,"Escort Passport X50 Radar And Laser Detector - 8500/ X-Band, K-Band, Ka-Band Operating Bands/ AlGaAs 280 LED Matrix/Text Display Type/ 3-Level Dimming, Plus Dark Mode/ Auto Mute/ City Mode Sensitivity/ Compact Size/ Red Display",$313.95 
13155,Peerless Wall TV Mounts In Black - PM1327BK,Peerless Wall TV Mounts - PM1327BK/ TV Wall Mount With Adjustable Width Support Tray For 13'-27' Set/ Black Finish,
13202,Panasonic Laser Toner Cartridge - KXFA83,Panasonic Laser Toner Cartridge - KXFA83/ Used With FL511/F541 Fax Machines,
13213,Sony Compact Disc Player/Recorder - RCDW500C,"Sony Compact Disc Player/Recorder - RCDW500C/ 5-CD/Dual Deck With 4x High Speed Dubbing/ CD, CD-R, CD-RW, MP3 Playback Capable/ Super Bit Mapping Recording/ High Speed Finalizing",$299.00 
13580,Sanus WMS3B Black Weather Resistant Small Speaker Wall Mount - WMS3B,Sanus WMS3B Black Small Speaker Wall Mount - WMS3B/ Holds Up To An 8 Pound Speaker/ Multiple Pivot Points/ Weather Resistant For Indoor/Outdoor Use/ Black Finish/ Priced Per Pair,$29.99 
13581,Sanus WMS3S Silver Weather Resistant Small Speaker Wall Mount - WMS3S,Sanus WMS3S Silver Small Speaker Wall Mount - WMS3S/ Holds Up To An 8 Pound Speaker/ Multiple Pivot Points/ Weather Resistant For Indoor/Outdoor Use/ Silver Finish/ Priced Per Pair,$29.99 
13700,Sanus Euro Foundations Satellite Speaker Stand - EFSATB,Sanus Euro Foundations Satellite Speaker Stand - EFSATB/ Sturdy Base/ Adjustable Pillar And Floor Spikes/ Includes Three Different Speaker Mounting Methods/ Contemporary European Design/ Satin Powder-Coated Black Finish/ Priced Per Pair,$79.99 
13701,Sanus Euro Foundations Satellite Speaker Stand - EFSATS,Sanus Euro Foundations Satellite Speaker Stand - EFSATS/ Sturdy Base/ Adjustable Pillar And Floor Spikes/ Includes Three Different Speaker Mounting Methods/ Contemporary European Design/ Satin Powder-Coated Silver Finish/ Priced Per Pair,$79.99 
13945,Onkyo 6 Disc CD Player Changer - DXC390B,Onkyo 6 Disc CD Player Changer- DXC390B/ Multi Single-Bit DAC/ 6 Repeat Modes/ 40 Random Track Memory/ Direct Track Access/ 96 dB S/N Ratio/ 5 Hz-20 kHz Frequency Response/ Remote Control Included/ Black Finish,
13954,Panasonic Corded Phone - KXTS3282B,Panasonic Corded Phone - KXTS3282B/ 2 Phone Lines/ Call Waiting/ 50-Station Caller ID/ Speakerphone/ 3-Line LCD Display/ Black Finish,
13996,Escort Cordless Solo Radar Detector - S2E,Escort Cordless Solo Radar Detector - S2E/ S2/ 10 Programmable Features/ High-Efficiency Power Management/ Ultra-Performance Laser Protection/ AutoSensitivity Mode/ High Resolution Graphic LCD Display/ Built-In Earphone Jack,$343.95 
14033,Garmin Deluxe Carrying Case - Black Finish - 0101023101,"Garmin Deluxe Carrying Case - 0101023101/ Designed For Street Pilot III 2610/2650 GPS Systems/ Holds Your GPS System, Mounting Bracket, Cables, Batteries And Data Cards",
14061,Kenwood 6-Disc CD Changer - KDCC669,"Kenwood 6-Disc CD Changer - KDCC669/ 3-Angle Mounting/ CD, CD-R And CD-RW Playback/ Anti-Vibration Disc Transport/ Compatible With All Kenwood Units With Changer Control",$129.00 
14070,Cuisinart Automatic Brew And Serve Coffeemaker - DTC975BK,Cuisinart Automatic Brew And Serve Coffeemaker - DTC975BK/ 12-Cup Double-Wall Insulated Stainless Steel Carafe/ Fully Automatic With 24-Hour Programmability/ Patented Brew-Through And Pour-Through Lid/ Brew Pause Feature/ Automatic Shutoff/ Black And Stainless Steel Finish,$99.95 
14563,Sharp Over The Counter Microwave Oven - R1214SS,Sharp Over The Counter Microwave Oven - R1214SS/ 1.5 Cubic Foot Capacity/ 1100 Watts/ 24 Automatic Settings/ 2-Color Lighted LCD/ Smart And Easy Sensor Settings/ Auto-Touch Control Panel/ Stainless Steel Finish,$429.00 
14715,Toshiba Rechargeable 5-Hour Battery Pack - MEDB05LX,Toshiba Rechargeable 5-Hour Battery Pack - MEDB05LX/ Works With SDP2500 And SDP2600 Portable DVD Players,$149.99 
15046,GE GSD4000NWW White Built-In Dishwasher - GSD4000WH,GE GSD4000NWW White Built-In Dishwasher - GSD4000WH/ 5-Level PowerScrub Wash System With PowerShower/ Electronic Controls/ 100 Percent Water Filtration With ExtraFine Filter/ 2/4/8-Hour Delay Start/ China/Crystal Cycle/ White Finish,
15452,Sony Stereo Audio Receiver - STRDE197,Sony Stereo Audio Receiver - STRDE197/ 100 Watts Per Channel x 2/ AM/FM Tuning With 30 Presets/ 5 Function Input Selector/ 8 Ohm Rated Amplifier/ Remote Control,
16000,Maytag Bisque Over-The-Range Microwave Oven - MMV4205BT,"Maytag Bisque Over-The-Range Microwave Oven - MMV4205BT/ 2.0 Cu. Ft. Capacity/ 1,150 Watts/ Ten Power Levels/ 220 CFM Airflow With Two Adjustable Fan Speeds/ Scrolling VFD Display/ Twelve Instant Touch Pads/ Precision Touch Electronic Controls/ Digital Display With Clock And Kitchen Timer/ Bisque Finish",
16003,Maytag Over-The-Range Microwave Oven - MMV5207BK,"Maytag Over-The-Range Microwave Oven - MMV5207BK/ 2.0 Cubic Foot Capacity/ 1,100 Watts/ Ten Power Levels/ Sensor Cook/ Custom Program Option/ WideGlide Tray/ Delay-Stop Fan Settings/ Deluxe Charcoal Odor Filter/ Black Finish",
16112,Panasonic Genius Prestige Inverter Microwave Convection Oven NNC994SS In Stainless Steel - NNC994SS,Panasonic Genius Prestige Microwave Convection Oven - NNC994SS/ 1.5 Cubic Foot Capacity/ 1100 W Microwave Inverter Power/ 1500 W Convection Power/ Genius Sensor Cook/ Two Level Cooking/ Half Mirror Finish Glass Door/ Stainless Steel Finish,
16309,Sony Super Audio CD Player - SCDCE595,Sony Super Audio CD Player - SCDCE595/ Multi-Channel Super Audio CD Playback Capability/ CD/CD-R/CD-RW Playback Capability/ Multi-Channel Direct Stream Digitial Decoder/ Multi-Channel Management System/ SACD Text/CD Text Capability/ ETA LATE JANUARY 2009,$149.00 
16329,Whirlpool 24' Built-In Dishwasher - DU1100SS,Whirlpool 24' Built-In Dishwasher - DU1100SS/ 14-Five Piece Place Setting Super Capacity Tub/ 5 Level Wash/ Temperature And Pressure Sensors/ 4 Automatic Cycles/ Soak And Scour Option/ AnyWare Plus Silverware Basket/ Hard Food Disposer With Self-Cleaning Filter/ Quiet Partner II Sound Package/ Energy Star Qualified/ Black-On-Stainless Finish,
16394,Danby Twin Tub Washer - DTT420WH,Danby Twin Tub Washer - DTT420WH/ 10lb Capacity/ Energy Efficient Full Length Agitator/ 2 Wash Options/ 1600 RPM Spin Dry Cycle/ Rust Resistant Galvanized Steel Cabinet/ Quiet Operation/ White Finish,
16668,Omnimount TV Top Shelf Mount - CCH1P,"Omnimount TV Top Shelf Mount - CCH1P/ TV Top Shelf Mount For CRT, LCD & DLP TVs/  Platinum Finish",
16669,Omnimount TV Top Shelf Mount - CCH1B,"Omnimount TV Top Shelf Mount - CCH1B/ TV Top Shelf Mount For CRT, LCD & DLP TVs/  Black Finish (Photo Showing Plantinum)",
16741,Delonghi Twenty Four Seven Coffee Maker In Black - DC50B,"Delonghi Twenty Four Seven Coffee Maker - DC50B/ 4-Cup Capacity/ Easy-Access, Washable Filter Basket/ Black Finish",$22.00 
16758,Sanus Silver LCD Television Turntable - TVLCDS,Sanus Silver LCD Television Turntable - TVLCDS/ Holds 13'-30' Size Televisions/ 360 Degree Rotation/ Silver Finish,$29.99 
16765,Frigidaire 27' Electric Stack Washer Dryer Combo - FEX831WH,Frigidaire 27' Electric Stack Washer Dryer Combo - FEX831WH/ Extra-Large Capacity Wash Tub/ 3 Wash / Rinse Temperatures/ 8 Cycles/ Heavy-Duty Single Speed 3/4 HP Motor/ 5.7 Cubic Foot Super Capacity Dryer Drum/ Balanced Dry System/ 1 Auto Dry Cycle/ Quick Clean Lint Screen/ White Finish,
16774,Olympus Olympus Ni-MH Quick Charger And Battery Set - B90SU,Olympus Olympus Ni-MH Quick Charger And Battery Set - B90SU/ Ultra-Compact Size And Removable AC Cable/ Charges Four AA Batteries In Around 255 Minutes/ 4 x 2300mAh AA Batteries Included,
16877,Sony Digital Photo Printer Paper 40 Pack  - SVMF40P,Sony Digital Photo Printer Paper 40 Pack - SVMF40P/ 4' x 6' Print Paper With Snap-Off Edges/ Super Coat 2 Protective Lamination/ Water Damage And Fingerprint Resistant Prints/ 40 Sheets Of Paper And Print Ribbon/ For DPPF Series Digital Photo Printers Only,
17067,Canon Rechargeable Battery - 9763A001,"Canon Rechargeable Battery - 9763A001/ Compatible With The SD200, SD300, SD400, SD30, SD450, SD600, SD630, SD750, SD1000 And Other PowerShot Cameras/ OEM Litium Ion Battery /  180 Minutes Of Playback Time",
17094,Delonghi Twenty Four Seven Coffee Maker - DC50W,"Delonghi Twenty Four Seven Coffee Maker - DC50W/ 4-Cup Capacity/ Easy-Access, Washable Filter Basket/ White Finish",$22.00 
17187,Universal IR/RF Remote - MX350,Universal IR/RF Remote - MX350/ Controls Up To 10 Components/ Extensive Macro Programming/ Memory Back-Up/ One Hand Ergonomics,$149.95 
17191,Universal IR/RF Aeros Remote Control- MX850 - MX850,Universal IR/RF Aeros Remote Control- MX850/ Laser Etched Buttons/ Centrally Located Joystick/ Memory Back-Up/ One Hand Ergonomics/ Controls Up To 20 Components,$399.95 
17220,Panasonic 5-Pack DVD-RAM Discs - LMAF120LU5,Panasonic 5-Pack DVD-RAM Discs - LMAF120LU5/ Slim Cases/ 2-3x Speed/ Single-Sided/ 120 Minute (4.7GB/Non-Cartridge)/ For Video Recording/ 5 Pack,$15.00 
17372,Belkin AC Anywhere - F5C400300W,Belkin AC Anywhere - F5C400300W/ Mobile Power Adapter For Your Vehicle/ Powers Portable Devices Using A 300-Watt Power Inverter/ 2 AC Outlets/ Converts DC Power To AC Power From A Cigarette Lighter Socket/ Automatic Overheat Shut-Off/ Low-Battery Alarm/ Overload Protection/ Replaceable Fuse Included/ Power LED Indicator,
17417,Sanus 13' - 30' VisionMount Flat Panel TV Silver Wall Mount - VMFS,Sanus 13' - 30' VisionMount Flat Panel TV Silver Wall Mount - VMFS/ Supports Up To 40 lbs/ Easy To Install/ Fingertip Virtual Axis Tilting System/ Silver Finish,$39.99 
17479,Weber Performer 22-1/2' Charcoal Grill - 841001,Weber Performer 22-1/2' Charcoal Grill - 841001/ Push-Button Igniter/ Porcelain-Enameled Bowl And Lid/ Dual-Purpose Themometer/ Crackproof All-Weather Wheels/ Black Lid Finish/ Assembly Required,$329.00 
17596,Sanus 13' - 30' Flat Panel TV Black Wall Mount - VM1B,Sanus 13' - 30' Flat Panel TV Black Wall Mount - VM1B/ Tilt And Swivel Motion/ Rigid Extruded Aluminum Construction/ Supports Up To 50 Lbs/ Black Finish,$69.99 
17653,Sony HD DVC Tape - DVM63HD,Sony HD DVC Tape - DVM63HD/ 63 Minutes Recording Time/ High Definition Video Recording/ Designed For 1080i Or 720p HDV,
17872,Sanus 15' - 40' Flat Panel TV Silver Wall Mount - VM400S,Sanus 15' - 40' Flat Panel TV Silver Wall Mount - VM400S/ Virtual Axis Tilt Adjustment System/ Hinged Arm Extend From 3.5' To 20'/ Durable Powder Coated Silver Finish,$219.99 
17873,Sanus 15' - 40' Flat Panel TV Black Wall Mount - VM400B,Sanus 15' - 40' Flat Panel TV Black Wall Mount - VM400B/ Virtual Axis Tilt Adjustment System/ Hinged Arm Extend From 3.5' To 20'/ Durable Powder Coated Black Finish,
17906,Frigidaire Electric Dryer - FEQ1442WH,Frigidaire Electric Dryer - FEQ1442WH/ 5.8 Cubic Foot Super Capacity Drum/ 7 Auto Dry Cycles/ 4 Dryness Level Selections/ 90 Minute Timed Dry/ 4 Temperature Options/ White Finish,
18040,Delonghi Oil Filters - FK8,Delonghi Oil Filters - FK8/ Made For Use With D895UX/ 3 Pack,$18.00 
18087,Danby Designer Portable Dishwasher - DDW1805WH,Danby Designer Portable Dishwasher - DDW1805WH/ 8 Place Settings Capacity/ Adjustable Upper Dish Rack/ 7 Wash Programs/ Three Tier Spray Wash System/ White Finish,
18202,Canon Optura/Elura Accessory Kit - ACCESSORYKIT,Canon Optura/Elura Accessory Kit - ACCESSORYKIT/ BP-2L14 Battery/ Carrying Case/ Mini DV Tape.,
18441,Mosquito Magnet Defender Replacement Net - MM4000NET1,Mosquito Magnet Defender Replacement Net - MM4000NET1/ 1-Pack,
18516,Panasonic Genius Countertop Microwave In White - NNH965WH,Panasonic Genius Countertop White Microwave - NNH965WH/ 2.2 Cubic Foot/ Inverter Turbo Defrost/ Child Safety Lock/ Versatile Function Key/ White Finish,
18524,Weber Performer 22-1/2' Charcoal Grill - 848001,Weber Performer 22-1/2' Charcoal Grill - 848001/ Push-Button Igniter/ Porcelain-Enameled Bowl And Lid/ Dual-Purpose Themometer/ Crackproof All-Weather Wheels/ Blue Lid Finish/ Assembly Required,$329.00 
18564,Whirlpool 24' Built-In Dishwasher - DU1055BK,Whirlpool 24' Built-In Dishwasher - DU1055BK/ 14-Five Piece Place Setting Super Capacity Tub/ 5 Level Direct Feed SheerClean Wash System/ 4 Cycles/ AnyWare Plus Silverware Basket/ Quiet Partner I Sound Package/ Energy Star Qualified/ Black Finish,$397.00 
18567,Whirlpool 24' Built-In Dishwasher - DU1055SS,Whirlpool 24' Built-In Dishwasher - DU1055SS/ 14-Five Piece Place Setting Super Capacity Tub/ 5 Level Direct Feed SheerClean Wash System/ 4 Cycles/ Soak And Scour Option/ AnyWare Plus Silverware Basket/ Quiet Partner I Sound Package/ Energy Star Qualified/ Black On Stainless Finish,$491.00 
18837,Cuisinart Countertop Griddler - GR4,Cuisinart Countertop Griddler - GR4/ Nonstick Grill/ Knob Selector/ Light Indicator/ Temperature Controls/ Cleaning/Scraping Tool Included,
18960,Nikon AF Speedlight Accessory - SB600,Nikon AF Speedlight Accessory - SB600/ Versatile Remote Speedlight/ i-TTL Flash Control/ FV Lock (Flash Value Lock)/ Auto FP High Speed Sync Mode,
18970,Panasonic Genius Countertop Microwave In Black - NNH965BK,Panasonic Genius Countertop Microwave - NNH965BK/ 2.2 Cubic Foot/ Inverter Turbo Defrost/ Child Safety Lock/ Versatile Function Key/ Black Finish/,
19112,Sony Soft Cyber-Shot Carrying Case - LCSCST,Sony Soft Cyber-Shot Carrying Case - LCSCST/ Sturdy Nylon Construction/ Compact And Very Lightweight/ Stylish Black Design,$14.00 
19132,Pioneer XM Digital Satellite Tuner for Pioneer Headunits - GEXP920XM,Pioneer XM Digital Satellite Tuner For Pioneer Headunits - GEXP920XM/ SAT Radio Ready/ XM Ready/ Built-In FM Modulator/ 18- Station/ 6- Button Presets/ Magne Mount Installation,$98.00 
19141,Sanus Universal Projector Ceiling Mount -  Black Finish - VMPR1B,Sanus Universal Projector Ceiling Mount - VMPR1B/ Designed For DLP And LCD Projectors/ Quick Release Mechanism/ 50 Lbs Capacity/ Black Finish,$129.99 
19204,OmniMount G-303 Gray Stellar Series Audio Tower - G303GR,OmniMount G-303 Gray Stellar Series Audio Tower - G303GR/ Supports Tabletop Flat Panels/ Three Floating Shelf Design/ Integrated Cable Management/ Gray Finish,
19358,Sennheiser RF Wireless Headphones - RS140,Sennheiser RF Wireless Headphones - RS140/ Switchable Compression/ Balance Control For Right/Left Volume Adjustment/ High Output Level/ Intelligent Auto-Tuning With Memory Function/ Self-Learning Automatic Level Control/ Easy Recharging,
19604,Kenwood iPod Mobile Interface - KCAIP500,"Kenwood iPod Mobile Interface - KCAIP500/ Compatible With Most Kenwood Receivers/ Text Display, Multiple Search Mode/ Powers And Charges iPod",$49.99 
19628,Pioneer Wired Marine Remote Control Display - CDMR80D,Pioneer Wired Marine Remote Control Display - CDMR80D/ Compatible With Pioneer Headunits/ Satellite Radio Text Indications/ ATT (Volume Attenuator) Button,$149.00 
19631,Bose Second Zone Remote - PMC2,"Bose Second Zone Remote - PMC2/ Controls Lifestyle 38 Or 48 Media Center/ TV, VCR, Cable Box, Satellite Receiver/ Accesses Digitally Stored CDs In UMusic System",$149.00 
19672,Sony 400-Disc DVD/SA-CD/CD Mega Changer - DVPCX995V,"Sony 400-Disc DVD, SACD & CD Mega Changer - DVPCX995V/ Super Audio CD Playback/ DVD-RW/DVD-R/DVD+RW/DVD+R Playback/ 12 Bit Video DAC/ Dolby Digital And Dts/ Advanced SmoothScan Technology/ Instant Replay/ Back Ground Graphics/ Black Finish",
19676,Sanus 32' - 84' Flat Panel TV Black Tilting Wall Mount - VMPL3B,Sanus 32' - 84' Flat Panel TV Black Tilting Wall Mount - VMPL3B/ Virtual Axis Tilt Adjustment System/ Supports Up To 280 Lbs./ Fits Most Large Flat Panel LCD TVs/ Easy To Install/ Black Finish,
20447,Sony DVD-R Recordable Camcorder Media - 3DMR30L1H,"Sony DVD-R Recordable Camcorder Media 3 Pack - 3DMR30L1H/ 30 Minute, 1.4 GB/ Accucore Technology/ Store Digital Video, Audio And Multimedia Files/ 3 Pack",$9.99 
20448,Sony VAIO Neoprene Laptop Carrying Case - Black Finish - VGPAMC3,"Sony VAIO Neoprene Laptop Carrying Case - VGPAMC3/ Compatible With VAIO A Series 15' And FS Series 15.4' Widescreen Notebooks/ Helps Protect Your Notebook From Scratches, Spills And Dings/ Neoprene Offers Durable And Water-Resistant Protection",$22.00 
20450,Canon Color Ink Tank - CL41CL,"Canon Color Ink Tank - CL41CL/ Compatible With The Pixma iP1600, MP170 Printers",$24.00 
20453,Canon Cyan Ink Tank - Cyan - CLI8C,"Canon Cyan Ink Tank - CLI8C/ Compatible With The Pixma iP4200, iP5200, iP5200R, iP6600D, MP500, MP800 Printers",$16.00 
20454,Canon Magenta Ink Tank - Magenta - CLI8M,"Canon Magenta Ink Tank - CLI8M/ Compatible With The Pixma iP4200, iP5200, iP5200R, iP6600D, MP500, MP800 Printers",$16.00 
20458,Canon Cyan Photo Ink Cartridge - Cyan - CLI8PC,Canon Cyan Photo Ink Cartridge - CLI8PC/ Compatible With The Pixma iP6600D Printer,$16.00 
20459,Canon Magenta Photo Ink Cartridge - Magenta - CLI8PM,Canon Magenta Photo Ink Cartridge - CLI8PM/ Compatible With The Pixma iP6600D Printer,$16.00 
20461,Canon Yellow Ink Cartridge - Yellow - CLI8Y,"Canon Yellow Ink Cartridge - CLI8Y/ Compatible With The Pixma iP4200, iP5200,  iP5200R, iP6600D, MP500, MP800 Printers",$16.00 
20466,Canon Black Ink Cartridge - Black - PG40BK,"Canon Black Ink Cartridge - PG40BK/ Compatible With The Pixma iP1600, MP170 Printers",$19.00 
20532,Belkin Pro Series 16 Ft.  USB 2.0 Cable - F3U13316,Belkin Pro Series 16 Ft. USB 2.0 Device Cable - F3U13316/ Hi-Speed Data Transfer To 480Mbps/ Impedance Matched Twisted Pair Construction/ Gold Plated Copper Contacts/ 16 Feet,
20534,Pioneer Voice Command Pack - Black Finish - CDVC1,"Pioneer Voice Command Pack - CDVC1/ Microphone And Steering Wheel Remote Control/ Use Your Voice To Control Navigation, Audio, And Video Functions/ Compatible With AVICN2 And AVICN1",$48.00 
21047,Sony VAIO Neoprene Notebook With AC Adapter Case - Black Finish - VGPAMC2,"Sony VAIO Neoprene Notebook With AC Adapter Case - VGPAMC2/ Helps Protect Your Notebook From Scratches, Spills And Dings/ Neoprene Offers Durable, Water-Resistant Protection/ Fits 17' Widescreen Notebooks",$24.00 
21175,NetGear ProSafe 24 Port Smart Switch - FS726TP,NetGear ProSafe 24 Port Smart Switch - FS726TP/ Two Gigabit Ports Plus Easy Browser/ ProSafe Network Management Software/ Web Based Smart Management Features,$605.00 
21182,GE Platinum HDTV Millennium TV Antenna - TV24734,GE Platinum HDTV Millennium TV Antenna - TV24734/ VHF/UHF/ 34' Dipoles For VHF Reception/ 130 Degree Swivel UHF Loop/ Low-Profile Storage,
21267,Garmin Streetpilot C Series Vehicle Suction Mount - Black Finish - 0101060900,Garmin Streetpilot C Series Vehicle Suction Mount - 0101060900/ Dashboard Or Friction Mounting Options Are Recommended Except California/ 12/24 Volt Adapter,
21268,Garmin StreetPilot C330 Dash Mount - Black Finish - 0101061300,Garmin StreetPilot C330 Dash Mount - 0101061300/ Non-Skid Mount Design/ Fully Portable/ Includes 12/24 Volt Cigarette Lighter Adapter/ Black Finish,$57.00 
21297,Sony Memory Stick Duo Replacement Adaptor - Silver/Blue Finish - MSACM2,"Sony Memory Stick Duo Replacement Adaptor - MSACM2/ Compatible With Memory Stick Duo And Pro Media Stick/ Compact, Thin, And Extremely Lightweight",
21554,Yamaha High Performance Subwoofer -  Black Finish - YSTFSW100BK,Yamaha High Performance Subwoofer - YSTFSW100BK/ 130 Watts Dynamic Power/ Advanced YST II (Yamaha Active Servo Technology)/ Half Pipe Port/ Powerful 6.5? Multi-Range Driver/ Magnetically Shielded/ 16Hz Ultra Low Frequency Reproduction/ Slim Design/ Black Finish,$150.00 
21875,Netgear ProSafe 16 Port 10/100 Desktop Switch - Purple Finish - FS116P,Netgear ProSafe 16 Port 10/100 Desktop Switch - FS116P/ 16 Auto Speed-Sensing 10/100 RJ-45 Ports/ 96 KB Embedded Memory Per Unit,$299.00 
21989,Frigidaire Electric White Dryer - FEQ332WH,Frigidaire FEQ332 Electric Dryer - FEQ332WH/ 5.7 Cu.Ft. Super Capacity Drum/ Auto Dry Cycles/ Temperature Options/ Interior Drum Light/ Quick-Clean Lint Screen/ White Finish,
22042,Logitech Harmony 890 Advanced Universal Remote Control - H890,Logitech Harmony 890 Advanced Universal Remote Control - H890/ Quick And Simple Set Up/ Advanced Online Setup And Update Wizard/ Uses Both Radio Frequency (RF) And Infrared (IR) Wireless Signals/ Integrate Up To 15 Devices/ 8 On-Screen Activity Buttons/ Rechargeable Lithium Ion Battery And Charging Station Included/ Fully Backlit/ Comfort-Grip Shape,
22100,Canon High Capacity Color Ink Cartridge - Color Ink - CL51,"Canon High Capacity Color Ink Cartridge - CL51/ Compatible With Pixma iP6210D, iP6220D, MP150, MP170 And MP450 Printers",$35.00 
22101,Canon Photo Ink Cartridge - CL52,Canon Photo Ink Cartridge - CL52/ Compatible With Pixma iP6210D And iP6220D Printers,$25.00 
22187,Nikon 18-200mm Nikkor Zoom Lens - Black Finish - 2159,Nikon 18-200mm Nikkor Zoom Lens Accessory - 2159/ Compact 11x Zoom/ 18 - 200MM Focal Range/ Two ED Glass Elements/ Silent Wave Motor/ Three Aspherical Lens Elements/ VR II System,
22212,Sennheisser Hi-Fi Wireless Headphone - RS120,Sennheisser Hi-Fi Wireless Headphone - RS120/ Supra Aural/ Wireless RF Headphone System/ Range Of Up To 100 Meters/ Three Selectable RF Channels/ Transmitter With Metal Cradle,
22242,Cuisinart Programmable Coffeemaker - Stainless Steel Finish - DCC2000,Cuisinart 12-Cup Programmable Coffeemaker - DCC2000/ Fully Programmable/ Removable Coffee Reservoir/ Easy-To-Read Coffee Gauge/ Visible Water Level Indicator/ Removable Drip Tray/ Charcoal Water Filter/ Stainless Steel Finish,$100.00 
22306,Sanus Center Channel Speaker Mount - Black Finish - VMCC1B,"Sanus Center Channel Speaker Mount - VMCC1B/ Works With Sanus Models VMSA, VMAA18, VMAA26, VMDD26 And VMCM1/ Easy To Install/ Mounting Hardware Included/ Black Finish",$99.99 
22382,Sanus 32' - 50' Flat Panel TV Black Wall Mount - VMPL50B,Sanus 32' - 50' Flat Panel TV Black Wall Mount - VMPL50B/ Solid Heavy-Gauge Steel Construction/ Durable Powder-Coated Finish/ Virtual Axis Tilt Adjustment System/ Supports Up To 130 Lbs/ Black Finish,
22558,Netgear RangeMax Wireless Access Point - White Finish - WPN802NA,"Netgear RangeMax Wireless Access Point - WPN802NA/ Improves Performance Of Existing Legacy 802.11b And 802.11g Wireless Devices Up To 50 Percent/ Wired Equivalent Privacy (WEP) 64-Bit,128-Bit Encryption/ Wi-Fi Protected Access (WPA, Pre-Shared Key)",$130.00 
22727,Weber Q 300 Liquid Propane Outdoor Grill - 426001,Weber Q 300 Liquid Propane Outdoor Grill - 426001/ Liquid Propane Fuel Type/ Two Burners For Direct And Indirect Cooking/ Thermometer Built Into The Lid/ Regulator Hose/ 12-Pound Turkey Capacity/ Cart Included/ Cast Aluminum Finish/ Assembly Required,$349.00 
22729,Sony Lightweight Tripod - Black Finish - VCTR100,Sony Lightweight Tripod - VCTR100/ Lightweight And Portable/ Expands From 14' To 39'/ 3-Way Panhead Function/ Black Finish,$34.00 